City_ID,City,Country,Date,Lat,Lng,Max Temp,Humidity,Cloudiness,Wind Speed
0,Butaritari,KI,2022-09-30 16:27:45,3.0707,172.7902,81.21,77,99,15.28
1,Coihaique,CL,2022-09-30 16:26:40,-45.5752,-72.0662,54.21,43,20,11.5
2,San Antonio,US,2022-09-30 16:25:11,29.4241,-98.4936,81.19,46,0,5.75
3,Vila Franca Do Campo,PT,2022-09-30 16:27:45,37.7167,-25.4333,76.19,74,64,3.11
4,Nome,US,2022-09-30 16:25:35,64.5011,-165.4064,32.07,86,0,3.44
5,Golynki,RU,2022-09-30 16:27:46,54.8696,31.3861,49.84,82,76,2.84
6,Hermanus,ZA,2022-09-30 16:27:46,-34.4187,19.2345,62.8,74,99,12.12
7,Barrow,US,2022-09-30 16:27:46,71.2906,-156.7887,30.22,86,100,12.66
8,Dikson,RU,2022-09-30 16:27:47,73.5069,80.5464,35.37,85,100,18.28
9,Kaeo,NZ,2022-09-30 16:27:47,-35.1,173.7833,62.33,97,100,9.73
10,Praia Da Vitoria,PT,2022-09-30 16:27:24,38.7333,-27.0667,75.76,73,40,4.92
11,Fontem,CM,2022-09-30 16:27:47,5.4685,9.8818,71.35,89,86,1.45
12,Vaini,TO,2022-09-30 16:27:48,-21.2,-175.2,73.56,78,40,8.05
13,Santa Isabel Do Rio Negro,BR,2022-09-30 16:27:48,-0.4139,-65.0192,97.88,34,88,4.16
14,Sao Filipe,CV,2022-09-30 16:27:48,14.8961,-24.4956,79.68,85,33,5.26
15,Punta Arenas,CL,2022-09-30 16:24:20,-53.15,-70.9167,46.51,49,0,25.32
16,Hilo,US,2022-09-30 16:27:49,19.7297,-155.09,77.29,92,20,1.99
17,Dhidhdhoo,MV,2022-09-30 16:27:49,6.8833,73.1,80.15,81,100,21.94
18,Sanski Most,BA,2022-09-30 16:27:49,44.7653,16.6656,65.86,78,100,1.5
19,Goderich,CA,2022-09-30 16:27:50,43.7501,-81.7165,59.32,67,0,6.91
20,Tukrah,LY,2022-09-30 16:27:50,32.5341,20.5791,92.97,34,48,2.33
21,Rikitea,PF,2022-09-30 16:27:51,-23.1203,-134.9692,73.51,78,94,12.15
22,Dongsheng,CN,2022-09-30 16:27:51,39.8161,109.9776,66.36,40,100,9.6
23,Ukiah,US,2022-09-30 16:16:59,39.1502,-123.2078,76.64,68,0,0.0
24,Naze,JP,2022-09-30 16:27:51,28.3667,129.4833,72.52,76,1,5.5
25,Salalah,OM,2022-09-30 16:27:52,17.0151,54.0924,80.69,89,75,5.75
26,Busselton,AU,2022-09-30 16:27:52,-33.65,115.3333,55.78,76,1,9.42
27,Ancud,CL,2022-09-30 16:27:52,-41.8697,-73.8203,53.74,81,62,2.01
28,Hithadhoo,MV,2022-09-30 16:27:53,-0.6,73.0833,82.26,72,74,8.23
29,Mataura,NZ,2022-09-30 16:27:54,-46.1927,168.8643,37.47,98,8,1.48
30,Kapaa,US,2022-09-30 16:27:54,22.0752,-159.319,75.18,87,40,3.44
31,La Ronge,CA,2022-09-30 16:27:54,55.1001,-105.2842,50.25,66,100,11.5
32,Cap Malheureux,MU,2022-09-30 16:27:54,-19.9842,57.6142,68.47,71,0,1.99
33,Qaanaaq,GL,2022-09-30 16:27:55,77.484,-69.3632,20.28,66,94,12.75
34,Talara,PE,2022-09-30 16:27:55,-4.5772,-81.2719,74.16,56,0,16.11
35,Upernavik,GL,2022-09-30 16:27:56,72.7868,-56.1549,22.33,75,71,4.9
36,Arraial Do Cabo,BR,2022-09-30 16:26:13,-22.9661,-42.0278,71.56,64,75,9.22
37,Ponta Do Sol,PT,2022-09-30 16:27:56,32.6667,-17.1,75.7,81,83,2.39
38,Talnakh,RU,2022-09-30 16:27:56,69.4865,88.3972,31.21,98,100,5.93
39,New Norfolk,AU,2022-09-30 16:27:57,-42.7826,147.0587,40.71,68,1,2.8
40,Avera,US,2022-09-30 16:27:58,33.194,-82.5271,65.37,57,99,21.25
41,Marsa Matruh,EG,2022-09-30 16:20:31,31.3525,27.2453,83.21,64,0,12.21
42,Saskylakh,RU,2022-09-30 16:27:59,71.9167,114.0833,13.77,98,87,4.45
43,Port Alfred,ZA,2022-09-30 16:27:59,-33.5906,26.891,70.18,86,100,5.01
44,Dubbo,AU,2022-09-30 16:17:13,-32.25,148.6167,50.13,87,75,9.22
45,Tiksi,RU,2022-09-30 16:27:59,71.6872,128.8694,14.23,95,74,6.58
46,Cachira,CO,2022-09-30 16:28:00,7.741,-73.0483,61.09,88,100,0.94
47,Kupang,ID,2022-09-30 16:28:00,-10.1667,123.5833,78.35,79,100,4.38
48,Marystown,CA,2022-09-30 16:24:24,47.1666,-55.1483,57.11,62,0,11.05
49,Luau,AO,2022-09-30 16:29:00,-10.7073,22.2247,73.4,59,80,6.02
50,Ostrovnoy,RU,2022-09-30 16:20:30,68.0531,39.5131,35.1,93,100,11.3
51,Kontagora,NG,2022-09-30 16:29:01,10.3999,5.4695,78.04,80,97,4.45
52,Bluff,NZ,2022-09-30 16:29:01,-46.6,168.3333,37.8,78,5,3.51
53,Port Elizabeth,ZA,2022-09-30 16:29:02,-33.918,25.5701,68.09,93,75,10.36
54,Ahipara,NZ,2022-09-30 16:29:02,-35.1667,173.1667,60.28,95,100,8.1
55,Hobart,AU,2022-09-30 16:28:53,-42.8794,147.3294,41.05,88,0,13.8
56,Albany,US,2022-09-30 16:24:12,42.6001,-73.9662,56.17,69,100,2.64
57,East London,ZA,2022-09-30 16:29:03,-33.0153,27.9116,71.49,82,100,7.83
58,Ushuaia,AR,2022-09-30 16:29:03,-54.8,-68.3,47.86,43,0,12.66
59,Avarua,CK,2022-09-30 16:29:03,-21.2078,-159.775,69.85,78,75,5.75
60,Dingle,PH,2022-09-30 16:29:04,10.9995,122.6711,75.94,88,97,5.21
61,Saint-Joseph,RE,2022-09-30 16:29:04,-21.3667,55.6167,70.18,79,21,11.3
62,Ndele,CF,2022-09-30 16:24:24,8.4109,20.6473,76.84,85,62,1.66
63,Victoria,HK,2022-09-30 16:25:53,22.2855,114.1577,79.32,93,99,5.99
64,Vardo,NO,2022-09-30 16:29:05,70.3705,31.1107,42.78,75,75,14.97
65,Palmer,US,2022-09-30 16:23:15,42.1584,-72.3287,59.77,65,75,4.61
66,Hofn,IS,2022-09-30 16:29:05,64.2539,-15.2082,51.82,76,100,8.05
67,Kalmar,SE,2022-09-30 16:29:05,56.6616,16.3616,54.97,82,75,8.05
68,Ngunguru,NZ,2022-09-30 16:29:06,-35.6167,174.5,60.62,94,100,9.44
69,Saint-Francois,FR,2022-09-30 16:29:06,46.4154,3.9054,60.24,55,20,5.75
70,Sitka,US,2022-09-30 16:20:01,57.0531,-135.33,55.29,88,100,3.44
71,Jamestown,US,2022-09-30 16:25:38,42.097,-79.2353,56.79,80,0,3.44
72,Kloulklubed,PW,2022-09-30 16:29:07,7.0419,134.2556,77.5,75,18,7.49
73,Vila Velha,BR,2022-09-30 16:25:41,-20.3297,-40.2925,75.15,78,75,14.97
74,Lebu,CL,2022-09-30 16:29:07,-37.6167,-73.65,56.1,77,100,12.71
75,Felanitx,ES,2022-09-30 16:29:08,39.4696,3.1483,69.96,51,48,14.0
76,Sicamous,CA,2022-09-30 16:29:08,50.8331,-118.9856,58.19,78,40,1.48
77,Provideniya,RU,2022-09-30 16:29:08,64.3833,-173.3,33.71,76,37,8.79
78,Saint-Philippe,RE,2022-09-30 16:29:09,-21.3585,55.7679,71.19,82,33,10.38
79,Ilulissat,GL,2022-09-30 16:29:09,69.2167,-51.1,35.62,80,100,4.61
80,Kaitangata,NZ,2022-09-30 16:29:10,-46.2817,169.8464,34.56,92,10,3.09
81,Mitsamiouli,KM,2022-09-30 16:29:10,-11.3847,43.2844,75.52,74,33,2.91
82,Sola,VU,2022-09-30 16:29:10,-13.8833,167.55,79.18,71,72,5.44
83,Castro,BR,2022-09-30 16:29:11,-24.7911,-50.0119,57.42,88,100,8.55
84,Esperance,AU,2022-09-30 16:29:11,-33.8667,121.9,51.1,85,17,11.72
85,Koppang,NO,2022-09-30 16:29:11,61.5706,11.0555,44.76,80,87,8.39
86,Isangel,VU,2022-09-30 16:29:12,-19.55,169.2667,74.43,83,7,6.8
87,Geraldton,AU,2022-09-30 16:29:13,-28.7667,114.6,57.61,88,8,0.0
88,Barcelos,PT,2022-09-30 16:29:13,41.5388,-8.6151,71.92,54,90,11.99
89,Norman Wells,CA,2022-09-30 16:29:13,65.282,-126.8329,46.44,76,75,3.44
90,Bezhta,RU,2022-09-30 16:29:14,42.1338,46.1283,53.35,79,10,0.76
91,Samana,DO,2022-09-30 16:29:14,19.2056,-69.3369,86.22,70,75,6.91
92,Atuona,PF,2022-09-30 16:29:15,-9.8,-139.0333,75.6,71,46,14.29
93,Saint Augustine,US,2022-09-30 16:28:44,29.8947,-81.3145,74.08,74,86,14.25
94,Sibolga,ID,2022-09-30 16:29:15,1.7427,98.7792,77.2,89,100,2.62
95,Tezu,IN,2022-09-30 16:30:15,27.9167,96.1667,77.13,72,14,3.96
96,Karacakoy,TR,2022-09-30 16:30:16,41.4029,28.3834,78.67,52,7,6.51
97,Cape Town,ZA,2022-09-30 16:26:46,-33.9258,18.4232,66.61,56,20,6.91
98,Ransang,PH,2022-09-30 16:30:16,8.9603,117.5828,79.5,85,95,2.53
99,Camacha,PT,2022-09-30 16:30:17,33.0833,-16.3333,71.02,64,40,12.66
100,Santa Maria,BR,2022-09-30 16:30:17,-29.6842,-53.8069,58.3,100,100,8.05
101,Thompson,CA,2022-09-30 16:30:17,55.7435,-97.8558,39.36,65,75,8.05
102,Ampatuan,PH,2022-09-30 16:30:18,6.8667,124.4667,76.21,91,72,0.87
103,Yerbogachen,RU,2022-09-30 16:30:18,61.2767,108.0108,24.35,71,55,3.76
104,Tuktoyaktuk,CA,2022-09-30 16:30:19,69.4541,-133.0374,32.0,100,75,16.11
105,Mossendjo,CG,2022-09-30 16:30:19,-2.9506,12.7261,72.21,93,99,3.18
106,Husavik,IS,2022-09-30 16:30:20,66.0449,-17.3389,44.51,98,100,12.21
107,Mahebourg,MU,2022-09-30 16:30:20,-20.4081,57.7,71.89,73,75,5.75
108,Huarmey,PE,2022-09-30 16:30:20,-10.0681,-78.1522,67.33,73,71,10.42
109,Lancaster,US,2022-09-30 16:27:45,40.2504,-76.2499,60.53,68,0,10.36
110,Kondoa,TZ,2022-09-30 16:30:21,-4.9,35.7833,71.67,42,61,8.39
111,Carnarvon,AU,2022-09-30 16:30:21,-24.8667,113.6333,69.46,68,0,18.9
112,Port Moresby,PG,2022-09-30 16:30:22,-9.4431,147.1797,78.22,89,75,5.75
113,Tuatapere,NZ,2022-09-30 16:30:22,-46.1333,167.6833,33.31,91,12,3.53
114,Ghanzi,BW,2022-09-30 16:30:23,-21.5667,21.7833,81.36,14,0,7.67
115,Cidreira,BR,2022-09-30 16:30:23,-30.1811,-50.2056,63.03,78,99,17.47
116,Wattegama,LK,2022-09-30 16:30:24,6.7989,81.4808,78.33,73,99,10.92
117,Bambous Virieux,MU,2022-09-30 16:30:24,-20.3428,57.7575,71.85,73,75,5.75
118,Zhanaozen,KZ,2022-09-30 16:30:24,43.3,52.8,70.59,23,0,9.01
119,Turkan,AZ,2022-09-30 16:30:25,40.3639,50.215,69.98,83,0,13.8
120,Khatanga,RU,2022-09-30 16:30:25,71.9667,102.5,29.07,96,100,11.7
121,Adrar,MR,2022-09-30 16:30:25,20.5022,-10.0711,90.84,19,0,15.73
122,Solano,US,2022-09-30 16:30:26,38.2333,-121.9511,77.09,43,0,0.0
123,Cayenne,GF,2022-09-30 16:30:05,4.9333,-52.3333,91.44,52,20,14.97
124,Cabo San Lucas,MX,2022-09-30 16:25:46,22.8909,-109.9124,89.51,64,0,0.0
125,Mount Gambier,AU,2022-09-30 16:30:26,-37.8333,140.7667,46.36,89,7,6.6
126,Kirakira,SB,2022-09-30 16:30:27,-10.4544,161.9205,78.8,85,36,6.62
127,Pochutla,MX,2022-09-30 16:30:27,15.7432,-96.4661,85.82,69,97,4.63
128,Bethel,US,2022-09-30 16:30:27,41.3712,-73.414,61.16,71,0,8.05
129,Camapua,BR,2022-09-30 16:30:28,-19.5314,-54.0439,82.35,57,79,3.67
130,Njinikom,CM,2022-09-30 16:30:28,6.2333,10.2833,65.28,91,87,1.19
131,Palauig,PH,2022-09-30 16:30:28,15.435,119.9045,79.54,80,81,4.27
132,Georgetown,MY,2022-09-30 16:30:29,5.4112,100.3354,82.33,83,40,5.99
133,Puerto Ayora,EC,2022-09-30 16:30:29,-0.7393,-90.3518,73.36,97,96,4.0
134,Chokurdakh,RU,2022-09-30 16:30:29,70.6333,147.9167,19.9,87,77,4.88
135,San Patricio,US,2022-09-30 16:30:30,28.017,-97.5169,84.16,46,0,4.65
136,Ullapool,GB,2022-09-30 16:30:30,57.8987,-5.1604,52.36,88,84,22.17
137,Cherskiy,RU,2022-09-30 16:21:49,68.75,161.3,29.03,60,100,3.29
138,Sangar,RU,2022-09-30 16:30:31,63.9242,127.4739,22.57,94,41,4.94
139,Nanortalik,GL,2022-09-30 16:30:31,60.1432,-45.2371,39.27,76,41,10.83
140,Buraydah,SA,2022-09-30 16:31:31,26.326,43.975,86.45,12,0,7.56
141,Klaksvik,FO,2022-09-30 16:31:32,62.2266,-6.589,49.12,88,100,41.7
142,Mar Del Plata,AR,2022-09-30 16:28:21,-38.0023,-57.5575,62.62,78,20,11.5
143,Camargo,MX,2022-09-30 16:31:32,27.6667,-105.1667,75.36,33,40,8.21
144,Bredasdorp,ZA,2022-09-30 16:31:33,-34.5322,20.0403,57.56,76,97,10.22
145,Saint Andrews,US,2022-09-30 16:31:33,34.0454,-81.1293,58.59,80,100,17.27
146,Sao Joao Da Barra,BR,2022-09-30 16:31:02,-21.6403,-41.0511,73.49,69,94,10.4
147,Kuytun,RU,2022-09-30 16:31:33,54.3419,101.5036,29.39,80,94,16.33
148,Clyde River,CA,2022-09-30 16:31:34,70.4692,-68.5914,28.63,86,75,20.71
149,Lamu,KE,2022-09-30 16:31:34,-2.2717,40.902,77.22,79,25,11.34
150,Tabas,IR,2022-09-30 16:31:35,33.5959,56.9244,88.02,10,0,4.61
151,Saint George,US,2022-09-30 16:28:46,37.1041,-113.5841,79.43,42,0,1.99
152,Belle Fourche,US,2022-09-30 16:31:35,44.6714,-103.8522,77.09,35,73,11.88
153,Bellevue,US,2022-09-30 16:31:35,47.6104,-122.2007,58.87,86,100,11.5
154,Chapais,CA,2022-09-30 16:23:05,49.7834,-74.8492,55.18,42,82,12.26
155,Chuy,UY,2022-09-30 16:31:36,-33.6971,-53.4616,62.31,61,93,9.75
156,Cockburn Town,TC,2022-09-30 16:31:37,21.4612,-71.1419,82.4,70,58,11.77
157,Viedma,AR,2022-09-30 16:31:37,-40.8135,-62.9967,76.87,26,92,15.03
158,Harper,LR,2022-09-30 16:24:26,4.375,-7.7169,80.42,71,37,9.24
159,Solnechnyy,RU,2022-09-30 16:31:38,50.7214,136.6319,42.64,84,100,4.99
160,Longyearbyen,SJ,2022-09-30 16:31:38,78.2186,15.6401,39.04,93,100,0.0
161,Bere,TD,2022-09-30 16:31:38,9.3202,16.1552,80.2,72,58,1.41
162,Papara,BR,2022-09-30 16:31:39,-3.9839,-38.7273,86.4,38,23,14.81
163,Katsuura,JP,2022-09-30 16:31:39,35.1333,140.3,71.98,85,40,11.32
164,Rafraf,TN,2022-09-30 16:31:39,37.1904,10.1837,80.91,71,99,16.98
165,Salto,UY,2022-09-30 16:30:46,-31.3833,-57.9667,69.96,53,75,8.05
166,Nabire,ID,2022-09-30 16:31:40,-3.3667,135.4833,74.57,92,93,2.86
167,Pinar Del Rio,CU,2022-09-30 16:31:40,22.4175,-83.6981,84.94,58,48,9.98
168,Meulaboh,ID,2022-09-30 16:31:40,4.1363,96.1285,76.08,88,100,6.91
169,Shatsk,RU,2022-09-30 16:31:41,54.0258,41.7119,56.73,88,100,8.79
170,Caravelas,BR,2022-09-30 16:28:23,-17.7125,-39.2481,79.29,63,67,11.45
171,Sinnamary,GF,2022-09-30 16:31:41,5.3833,-52.95,86.61,61,13,13.42
172,Souillac,MU,2022-09-30 16:31:42,-20.5167,57.5167,71.98,73,75,5.75
173,Suluktu,KG,2022-09-30 16:31:42,39.9337,69.57,56.68,31,98,3.94
174,Kiama,AU,2022-09-30 16:31:42,-34.6833,150.8667,59.0,92,96,1.01
175,Mount Isa,AU,2022-09-30 16:31:43,-20.7333,139.5,71.37,33,99,10.36
176,Nelson Bay,AU,2022-09-30 16:21:48,-32.7167,152.15,60.12,74,97,14.0
177,Aklavik,CA,2022-09-30 16:31:43,68.2191,-135.0107,29.14,92,97,6.89
178,Ravar,IR,2022-09-30 16:31:44,31.2656,56.8055,79.09,8,0,7.09
179,La Asuncion,VE,2022-09-30 16:31:44,11.0333,-63.8628,87.53,70,60,16.11
180,Codrington,AU,2022-09-30 16:31:44,-38.2667,141.9667,43.65,96,61,7.78
181,Hirara,JP,2022-09-30 16:31:44,24.8,125.2833,82.11,74,4,9.98
182,Pevek,RU,2022-09-30 16:31:45,69.7008,170.3133,29.68,77,100,6.87
183,Utete,TZ,2022-09-30 16:31:45,-7.986,38.758,74.39,70,54,7.18
184,Bengkulu,ID,2022-09-30 16:31:46,-3.8004,102.2655,76.05,91,49,3.49
185,Ariguani,CO,2022-09-30 16:31:46,10.25,-74.0,86.41,61,100,5.26
186,Pechory,RU,2022-09-30 16:32:47,57.8164,27.6119,51.26,72,98,6.08
187,Saint-Georges,GD,2022-09-30 16:32:47,12.0564,-61.7485,87.48,74,20,20.71
188,Maumere,ID,2022-09-30 16:32:48,-8.6199,122.2111,80.47,79,100,3.47
189,Gravdal,NO,2022-09-30 16:32:48,68.1214,13.5031,49.89,62,0,4.61
190,Hualmay,PE,2022-09-30 16:32:49,-11.0964,-77.6139,66.11,71,72,9.98
191,Wahiawa,US,2022-09-30 16:32:49,21.5028,-158.0236,73.18,84,1,3.42
192,Tessalit,ML,2022-09-30 16:32:49,20.1986,1.0114,102.52,13,40,9.17
193,Lagoa,PT,2022-09-30 16:32:50,39.05,-27.9833,68.36,66,3,5.06
194,Pauini,BR,2022-09-30 16:32:50,-7.7136,-66.9764,95.72,36,83,3.74
195,Iqaluit,CA,2022-09-30 16:32:51,63.7506,-68.5145,33.53,93,100,3.44
196,Akyab,MM,2022-09-30 16:32:51,20.15,92.9,79.93,88,100,8.1
197,Stornoway,GB,2022-09-30 16:32:51,58.2093,-6.3865,53.56,85,40,21.85
198,Druzhba,UA,2022-09-30 16:32:52,52.0428,33.9453,62.04,79,100,2.95
199,Ribeira Grande,PT,2022-09-30 16:32:52,38.5167,-28.7,73.8,56,40,5.75
200,Teodoro Sampaio,BR,2022-09-30 16:32:52,-22.5325,-52.1675,67.24,81,99,7.67
201,Tautira,PF,2022-09-30 16:23:04,-17.7333,-149.15,76.78,75,4,12.19
202,Sai Buri,TH,2022-09-30 16:32:53,6.7013,101.6168,79.97,86,100,7.16
203,Baraboo,US,2022-09-30 16:32:53,43.4711,-89.7443,64.54,59,0,5.75
204,Imeni Babushkina,RU,2022-09-30 16:32:54,59.7573,43.1285,49.89,94,100,10.04
205,Honiara,SB,2022-09-30 16:32:54,-9.4333,159.95,76.19,89,13,4.47
206,Salinopolis,BR,2022-09-30 16:32:54,-0.6136,-47.3561,85.35,66,86,12.5
207,Hoquiam,US,2022-09-30 16:32:54,46.9809,-123.8893,57.18,93,100,4.61
208,Clovis,US,2022-09-30 16:28:07,36.8252,-119.7029,85.48,54,0,3.44
209,Wanaka,NZ,2022-09-30 16:32:55,-44.7,169.15,28.83,90,7,3.06
210,Gorzow Wielkopolski,PL,2022-09-30 16:28:30,52.7368,15.2288,60.4,55,50,0.29
211,Chicama,PE,2022-09-30 16:32:55,-7.8447,-79.1469,59.54,58,84,9.95
212,Nantucket,US,2022-09-30 16:28:11,41.2835,-70.0995,66.31,60,40,13.8
213,Campbell River,CA,2022-09-30 16:32:56,50.0163,-125.2446,63.45,93,20,2.3
214,Airai,TL,2022-09-30 16:32:56,-8.9266,125.4092,61.68,94,100,1.81
215,Warrington,GB,2022-09-30 16:32:56,53.3925,-2.5802,60.91,96,75,14.97
216,Nikolskoye,RU,2022-09-30 16:32:57,59.7035,30.7861,47.8,96,93,6.02
217,Omboue,GA,2022-09-30 16:32:57,-1.5746,9.2618,77.47,81,83,8.5
218,Los Llanos De Aridane,ES,2022-09-30 16:32:57,28.6585,-17.9182,71.35,73,75,12.66
219,Rio Gallegos,AR,2022-09-30 16:32:58,-51.6226,-69.2181,53.65,32,75,13.8
220,Sobolevo,RU,2022-09-30 16:32:58,54.4299,31.8996,51.84,84,99,1.52
221,Fereydunshahr,IR,2022-09-30 16:32:59,32.941,50.121,57.83,17,0,3.29
222,Rocha,UY,2022-09-30 16:32:59,-34.4833,-54.3333,61.63,63,97,8.25
223,Te Anau,NZ,2022-09-30 16:32:59,-45.4167,167.7167,31.75,96,23,1.7
224,Coos Bay,US,2022-09-30 16:32:59,43.3665,-124.2179,62.24,100,100,6.91
225,Medvezhyegorsk,RU,2022-09-30 16:33:00,62.9167,34.4667,44.1,98,100,3.33
226,Zhigansk,RU,2022-09-30 16:33:00,66.7697,123.3711,26.13,82,95,3.42
227,Road Town,VG,2022-09-30 16:29:03,18.4167,-64.6167,84.29,83,75,4.61
228,Nyurba,RU,2022-09-30 16:33:01,63.2842,118.3319,24.64,74,92,3.13
229,Port Lincoln,AU,2022-09-30 16:33:02,-34.7333,135.8667,52.66,88,0,10.11
230,Yeppoon,AU,2022-09-30 16:33:03,-23.1333,150.7333,56.98,68,37,0.63
231,Jalu,LY,2022-09-30 16:23:09,29.0331,21.5482,100.08,14,0,9.53
232,Rorvik,NO,2022-09-30 16:33:03,64.8621,11.2373,53.71,58,41,9.22
233,Krasnoborsk,RU,2022-09-30 16:34:04,61.5598,45.934,44.73,95,100,9.71
234,Nongstoin,IN,2022-09-30 16:34:04,25.5167,91.2667,66.6,93,99,3.65
235,Zhicheng,CN,2022-09-30 16:34:04,30.2956,111.5047,79.61,60,31,3.36
236,Lasa,IT,2022-09-30 16:34:05,46.6166,10.7002,54.48,99,100,1.23
237,Reconquista,AR,2022-09-30 16:30:12,-29.15,-59.65,75.96,36,0,5.61
238,Quatre Cocos,MU,2022-09-30 16:34:05,-20.2078,57.7625,71.71,74,10,11.63
239,Bunbury,AU,2022-09-30 16:34:06,-33.3333,115.6333,55.49,73,1,8.9
240,Tarakan,ID,2022-09-30 16:34:06,3.3,117.6333,78.3,94,20,2.3
241,Bocas Del Toro,PA,2022-09-30 16:34:07,9.3333,-82.25,83.19,69,84,6.4
242,Port Augusta,AU,2022-09-30 16:34:07,-32.5,137.7667,53.2,67,26,6.58
243,Richards Bay,ZA,2022-09-30 16:34:07,-28.783,32.0377,72.3,85,7,4.5
244,Kodiak,US,2022-09-30 16:34:08,57.79,-152.4072,35.11,87,0,6.91
245,Luwuk,ID,2022-09-30 16:34:08,-0.9516,122.7875,76.8,90,85,0.51
246,Ossora,RU,2022-09-30 16:34:08,59.2353,163.0719,39.29,94,100,9.08
247,San Carlos De Bariloche,AR,2022-09-30 16:34:09,-41.1456,-71.3082,60.44,39,75,13.8
248,Galbshtadt,RU,2022-09-30 16:34:09,53.2264,78.9845,31.64,94,76,10.22
249,Alice Springs,AU,2022-09-30 16:30:11,-23.7,133.8833,63.21,34,40,0.0
250,Laguna,US,2022-09-30 16:32:41,38.421,-121.4238,80.08,62,0,3.44
251,Hasaki,JP,2022-09-30 16:34:10,35.7333,140.8333,70.2,79,33,10.74
252,Ixtapa,MX,2022-09-30 16:29:50,20.7,-105.2,86.23,70,40,3.0
253,Kruisfontein,ZA,2022-09-30 16:34:10,-34.0033,24.7314,65.88,87,100,17.83
254,Santa Vitoria Do Palmar,BR,2022-09-30 16:32:10,-33.5189,-53.3681,60.51,66,96,7.49
255,Rudbar,AF,2022-09-30 16:34:11,30.15,62.6,82.94,12,0,3.89
256,Inhambane,MZ,2022-09-30 16:34:11,-23.865,35.3833,75.18,78,40,8.05
257,Kitob,UZ,2022-09-30 16:34:11,39.0843,66.8332,69.55,21,71,2.68
258,Birao,CF,2022-09-30 16:34:12,10.2849,22.7882,79.93,67,93,3.4
259,Yellowknife,CA,2022-09-30 16:34:13,62.456,-114.3525,48.72,81,20,23.02
260,Usinsk,RU,2022-09-30 16:34:13,65.9939,57.5281,30.81,65,100,13.49
261,Ballina,AU,2022-09-30 16:34:14,-28.8667,153.5667,60.84,98,87,12.62
262,Teguldet,RU,2022-09-30 16:34:14,57.3064,88.1667,29.61,86,100,3.85
263,Kanniyakumari,IN,2022-09-30 16:34:15,8.0833,77.5667,79.07,85,97,18.88
264,Severo-Kurilsk,RU,2022-09-30 16:34:15,50.6789,156.125,49.21,91,99,13.73
265,Dunedin,NZ,2022-09-30 16:30:33,-45.8742,170.5036,41.81,77,4,3.65
266,Kahului,US,2022-09-30 16:34:16,20.8947,-156.47,81.84,73,0,11.01
267,Olafsvik,IS,2022-09-30 16:34:16,64.8945,-23.7142,46.49,88,96,24.02
268,Spring Hill,US,2022-09-30 16:33:19,28.4769,-82.5255,78.06,64,0,6.91
269,Hurghada,EG,2022-09-30 16:34:17,27.2574,33.8129,90.19,33,0,8.72
270,Puerto Asis,CO,2022-09-30 16:34:17,0.5133,-76.5007,90.95,51,60,3.91
271,Soma,TR,2022-09-30 16:34:18,39.1855,27.6094,83.35,67,3,4.09
272,Port Blair,IN,2022-09-30 16:33:43,11.6667,92.75,80.98,86,100,18.77
273,Rokytne,UA,2022-09-30 16:34:18,51.2796,27.214,54.39,93,100,3.27
274,Mabaruma,GY,2022-09-30 16:35:20,8.2,-59.7833,89.56,55,99,6.76
275,Cortez,US,2022-09-30 16:35:20,37.3489,-108.5859,69.69,39,0,0.0
276,Huangmei,CN,2022-09-30 16:35:20,30.1924,116.025,78.44,65,55,5.06
277,Namibe,AO,2022-09-30 16:35:21,-15.1961,12.1522,66.96,89,53,9.95
278,Nouakchott,MR,2022-09-30 16:35:21,18.0858,-15.9785,93.13,53,9,16.08
279,Nokaneng,BW,2022-09-30 16:35:22,-19.6667,22.2667,83.05,15,9,3.0
280,Barabai,ID,2022-09-30 16:35:22,-2.5833,115.3833,74.97,92,100,0.56
281,North Bend,US,2022-09-30 16:30:48,43.4065,-124.2243,57.92,100,100,6.91
282,Tasiilaq,GL,2022-09-30 16:35:23,65.6145,-37.6368,42.96,75,100,6.22
283,San Cristobal,VE,2022-09-30 16:35:24,7.7669,-72.225,73.58,54,99,4.54
284,Pawayan,IN,2022-09-30 16:35:24,28.0667,80.1,77.41,64,4,4.34
285,Cabras,IT,2022-09-30 16:35:25,39.93,8.5314,65.55,68,97,13.6
286,Tigil,RU,2022-09-30 16:35:25,57.8,158.6667,34.86,93,54,5.75
287,Montorio Al Vomano,IT,2022-09-30 16:35:25,42.5831,13.6383,73.94,74,80,4.61
288,Marsh Harbour,BS,2022-09-30 16:35:26,26.5412,-77.0636,82.06,72,34,1.12
289,Egvekinot,RU,2022-09-30 16:35:19,66.3167,-179.1667,25.16,68,100,4.47
290,Xiongyue,CN,2022-09-30 16:35:26,40.1774,122.1228,65.98,89,1,9.13
291,Leh,IN,2022-09-30 16:35:27,34.1667,77.5833,53.19,40,50,5.01
292,Itoman,JP,2022-09-30 16:35:28,26.1247,127.6694,80.62,83,40,2.3
293,Pisco,PE,2022-09-30 16:35:28,-13.7,-76.2167,65.01,72,0,10.36
294,Lazaro Cardenas,MX,2022-09-30 16:35:28,17.9583,-102.2,84.42,71,62,1.3
295,Shelburne,CA,2022-09-30 16:35:29,44.0787,-80.2041,61.12,52,0,3.09
296,Oga,IT,2022-09-30 16:35:29,46.4631,10.347,47.08,100,100,0.72
297,Lumby,CA,2022-09-30 16:30:47,50.2498,-118.969,55.17,71,8,1.14
298,Belaya Gora,RU,2022-09-30 16:35:29,68.5333,146.4167,23.23,79,100,5.12
299,Kununurra,AU,2022-09-30 16:35:30,-15.7667,128.7333,75.18,83,98,8.05
300,Mogadishu,SO,2022-09-30 16:35:30,2.0371,45.3438,78.04,79,12,13.85
301,Portland,US,2022-09-30 16:33:30,45.5234,-122.6762,60.04,89,100,5.01
302,Kailua,US,2022-09-30 16:35:31,21.4022,-157.7394,76.44,90,18,12.01
303,Lalsot,IN,2022-09-30 16:35:31,26.5667,76.3333,82.22,45,9,5.32
304,Mayo,US,2022-09-30 16:35:31,38.8876,-76.5119,62.55,79,0,11.5
305,Manta,EC,2022-09-30 16:35:32,-0.95,-80.7333,76.78,69,75,9.22
306,Poum,NC,2022-09-30 16:35:32,-20.2333,164.0167,73.74,80,80,18.37
307,Nanakuli,US,2022-09-30 16:35:32,21.3906,-158.1547,76.42,79,0,4.45
308,Manggar,ID,2022-09-30 16:35:33,-2.8833,108.2667,80.15,81,28,4.36
309,Abha,SA,2022-09-30 16:35:33,18.2164,42.5053,67.82,52,20,14.97
310,Saldanha,ZA,2022-09-30 16:35:33,-33.0117,17.9442,64.45,83,56,9.64
311,Kavieng,PG,2022-09-30 16:35:34,-2.5744,150.7967,81.28,76,81,11.34
312,Taiyuan,CN,2022-09-30 16:32:24,37.8694,112.5603,66.06,52,0,2.24
313,Fortuna,US,2022-09-30 16:33:36,40.5982,-124.1573,62.92,88,0,1.99
314,Kidal,ML,2022-09-30 16:35:34,18.4411,1.4078,87.48,36,33,29.26
315,Muros,ES,2022-09-30 16:35:34,42.7762,-9.0603,67.08,77,98,4.09
316,Kijang,KR,2022-09-30 16:35:35,35.2442,129.2139,64.13,61,29,3.06
317,Brigantine,US,2022-09-30 16:35:35,39.4101,-74.3646,65.19,69,75,16.11
318,Itarema,BR,2022-09-30 16:35:35,-2.9248,-39.9167,86.99,56,13,18.07
319,Okhotsk,RU,2022-09-30 16:36:36,59.3833,143.3,37.74,66,100,9.91
320,Carnot,CF,2022-09-30 16:36:36,4.9409,15.8665,73.24,91,51,3.42
321,Fallon,US,2022-09-30 16:33:39,39.4735,-118.7774,63.91,39,20,5.75
322,Plettenberg Bay,ZA,2022-09-30 16:36:37,-34.0527,23.3716,63.21,84,100,11.34
323,Linhares,BR,2022-09-30 16:36:37,-19.3911,-40.0722,72.0,74,99,10.71
324,Yulara,AU,2022-09-30 16:36:37,-25.2406,130.9889,68.41,28,100,9.95
325,Kikwit,CD,2022-09-30 16:36:37,-5.041,18.8162,78.58,66,43,3.27
326,Kungurtug,RU,2022-09-30 16:36:38,50.5994,97.5228,17.35,94,63,3.22
327,Mezen,RU,2022-09-30 16:36:38,65.8522,44.24,36.64,96,100,8.01
328,Taoudenni,ML,2022-09-30 16:36:39,22.6783,-3.9836,97.12,10,0,19.08
329,Verkhoyansk,RU,2022-09-30 16:36:39,67.5447,133.385,24.19,97,100,2.71
330,Skjervoy,NO,2022-09-30 16:36:39,70.0311,20.9714,37.4,55,69,9.62
331,Narsaq,GL,2022-09-30 16:36:40,60.9167,-46.05,43.02,69,92,4.07
332,Semirom,IR,2022-09-30 16:36:40,31.4167,51.5667,61.05,17,0,5.46
333,Srednekolymsk,RU,2022-09-30 16:36:40,67.45,153.6833,28.27,83,100,11.72
334,Rivera,UY,2022-09-30 16:36:41,-30.9053,-55.5508,61.27,78,94,8.46
335,Pingxiang,CN,2022-09-30 16:36:41,27.6167,113.85,80.46,54,31,2.55
336,Vao,NC,2022-09-30 16:36:41,-22.6667,167.4833,71.55,84,83,14.85
337,Ambulu,ID,2022-09-30 16:36:42,-8.345,113.6058,76.3,92,96,2.24
338,Chabahar,IR,2022-09-30 16:36:42,25.2919,60.643,81.07,72,1,9.69
339,Wuwei,CN,2022-09-30 16:36:42,37.9281,102.6414,64.4,32,98,2.71
340,Staunton,US,2022-09-30 16:36:43,38.1496,-79.0717,55.65,78,100,9.22
341,Vung Tau,VN,2022-09-30 16:35:54,10.346,107.0843,79.77,86,100,7.23
342,Curillo,CO,2022-09-30 16:36:43,1.0333,-75.9191,92.05,49,26,2.64
343,Coolum Beach,AU,2022-09-30 16:36:14,-26.5333,153.1,61.11,87,44,10.4
344,Oskarshamn,SE,2022-09-30 16:36:44,57.2645,16.4484,49.98,79,97,7.63
345,Iki-Burul,RU,2022-09-30 16:36:44,45.8208,44.6472,71.74,55,73,4.59
346,Shimoda,JP,2022-09-30 16:36:45,34.6667,138.95,70.11,74,2,13.33
347,Wajir,KE,2022-09-30 16:36:45,1.7471,40.0573,87.76,33,75,6.91
348,Zarechnyy,RU,2022-09-30 16:36:45,53.2036,45.1923,55.08,81,100,3.76
349,Ulety,RU,2022-09-30 16:36:45,51.3572,112.4849,37.85,92,96,3.8
350,Grootfontein,NA,2022-09-30 16:36:46,-19.5667,18.1167,90.97,12,20,4.61
351,Bathsheba,BB,2022-09-30 16:36:46,13.2167,-59.5167,88.41,70,20,17.27
352,Nouadhibou,MR,2022-09-30 16:36:47,20.931,-17.0347,80.58,54,24,21.85
353,Fuerte Olimpo,PY,2022-09-30 16:36:47,-21.0415,-57.8738,80.38,60,95,3.27
354,Mao,ES,2022-09-30 16:36:47,39.8885,4.2658,66.76,55,20,14.97
355,Kiomboi,TZ,2022-09-30 16:36:47,-4.2667,34.3667,77.85,31,95,5.35
356,Rio Grande,BR,2022-09-30 16:36:48,-32.035,-52.0986,69.91,83,100,10.89
357,Carutapera,BR,2022-09-30 16:36:48,-1.195,-46.02,87.6,58,69,11.48
358,Mackay,AU,2022-09-30 16:36:48,-21.15,149.2,58.68,67,9,3.78
359,Pandan,PH,2022-09-30 16:36:49,14.0453,124.1694,79.99,83,11,6.85
360,Mercedes,AR,2022-09-30 16:36:49,-34.6515,-59.4307,69.78,29,5,7.47
361,Tura,IN,2022-09-30 16:36:50,25.5198,90.2201,76.01,87,100,3.06
362,Usogorsk,RU,2022-09-30 16:37:50,63.4106,48.6872,36.32,95,100,10.42
363,Nha Trang,VN,2022-09-30 16:37:50,12.25,109.1833,78.8,91,100,3.6
364,Malacacheta,BR,2022-09-30 16:37:51,-17.8422,-42.0767,77.09,53,98,6.42
365,Rincon,US,2022-09-30 16:37:41,32.296,-81.2354,65.86,77,100,19.57
366,Sabang,ID,2022-09-30 16:37:51,5.8933,95.3214,80.82,82,100,20.38
367,Madaripur,BD,2022-09-30 16:37:51,23.1753,90.2072,82.35,77,100,6.2
368,Cairns,AU,2022-09-30 16:36:02,-16.9167,145.7667,73.35,79,40,5.75
369,Nipawin,CA,2022-09-30 16:37:52,53.3668,-104.0009,50.04,100,100,11.5
370,Oranjestad,AW,2022-09-30 16:37:52,12.524,-70.027,82.35,83,40,12.66
371,Hamilton,US,2022-09-30 16:33:20,39.1834,-84.5333,67.75,60,0,10.36
372,Thanh Hoa,VN,2022-09-30 16:37:53,19.8,105.7667,75.07,98,100,3.27
373,Booue,GA,2022-09-30 16:37:53,-0.0921,11.9385,75.49,92,98,1.01
374,Tanout,NE,2022-09-30 16:37:54,14.9709,8.8879,75.36,67,72,26.26
375,Weymouth,US,2022-09-30 16:37:23,42.2209,-70.9398,63.21,70,75,10.36
376,Khash,IR,2022-09-30 16:37:55,28.2211,61.2158,73.42,12,0,9.64
377,Koslan,RU,2022-09-30 16:37:55,63.4564,48.8989,35.67,94,100,10.29
378,Axim,GH,2022-09-30 16:37:43,4.8699,-2.2405,78.55,79,34,8.99
379,Solwezi,ZM,2022-09-30 16:37:56,-12.1688,26.3894,73.02,28,59,2.15
380,Auki,SB,2022-09-30 16:37:56,-8.7676,160.7034,76.66,89,8,3.69
381,Henties Bay,NA,2022-09-30 16:37:56,-22.116,14.2845,56.68,87,6,8.93
382,Chimoio,MZ,2022-09-30 16:37:56,-19.1164,33.4833,78.66,27,0,8.05
383,Halifax,CA,2022-09-30 16:35:48,44.6453,-63.5724,62.69,73,0,9.22
384,Buluang,PH,2022-09-30 16:37:57,13.3068,123.3425,75.7,91,24,2.95
385,Melilla,ES,2022-09-30 16:37:57,35.2937,-2.9383,75.4,56,0,9.22
386,Todos Santos,MX,2022-09-30 16:37:57,23.45,-110.2167,89.31,89,0,5.99
387,Leshukonskoye,RU,2022-09-30 16:37:58,64.8989,45.7622,37.58,96,100,9.04
388,Colac,AU,2022-09-30 16:37:58,-38.3333,143.5833,49.84,90,18,7.29
389,Shubarkuduk,KZ,2022-09-30 16:37:59,49.1447,56.4872,52.74,42,84,16.15
390,Tagusao,PH,2022-09-30 16:37:59,9.1924,117.8141,80.01,84,99,4.07
391,Sorong,ID,2022-09-30 16:37:59,-0.8833,131.25,78.66,83,90,1.16
392,Visnes,NO,2022-09-30 16:37:59,59.3556,5.2242,55.78,62,75,23.02
393,Moche,PE,2022-09-30 16:38:00,-8.1711,-79.0092,60.98,82,100,9.22
394,Bayburt,TR,2022-09-30 16:38:00,40.2589,40.2278,58.17,67,0,3.8
395,Lapua,FI,2022-09-30 16:38:01,62.9693,23.0088,43.48,93,100,0.22
396,Turbat,PK,2022-09-30 16:38:01,26.0023,63.044,81.66,62,0,11.34
397,Chufarovo,RU,2022-09-30 16:38:01,54.0963,47.3367,53.87,90,100,5.21
398,Gizo,SB,2022-09-30 16:38:02,-8.103,156.8419,81.19,77,4,5.73
399,Salamiyah,SY,2022-09-30 16:38:02,35.0113,37.0532,81.79,35,0,7.81
400,Muncar,ID,2022-09-30 16:38:02,-8.4333,114.3333,77.04,91,100,2.68
401,Batouri,CM,2022-09-30 16:38:03,4.4333,14.3667,71.31,94,74,3.27
402,Jiujiang,CN,2022-09-30 16:38:03,29.7333,115.9833,81.27,59,52,4.16
403,San Francisco,US,2022-09-30 16:35:50,37.7749,-122.4194,76.51,75,0,5.75
404,Itapicuru,BR,2022-09-30 16:38:04,-11.3167,-38.2333,92.77,23,76,17.96
405,Lavrentiya,RU,2022-09-30 16:38:04,65.5833,-171.0,33.44,73,36,8.59
406,Barreirinhas,BR,2022-09-30 16:39:04,-2.7469,-42.8264,90.23,48,21,13.4
407,San Lawrenz,MT,2022-09-30 16:39:05,36.0553,14.204,76.86,91,60,7.0
408,Makat,KZ,2022-09-30 16:39:05,47.6469,53.3463,69.1,32,24,14.03
409,Esil,KZ,2022-09-30 16:39:06,51.9556,66.4042,34.48,41,0,7.74
410,Coquimbo,CL,2022-09-30 16:39:06,-29.9533,-71.3436,58.73,77,75,10.36
411,Mapiri,BO,2022-09-30 16:39:06,-15.25,-68.1667,85.28,44,88,1.74
412,Kizilskoye,RU,2022-09-30 16:39:07,52.7255,58.8937,33.48,100,100,5.66
413,Akdagmadeni,TR,2022-09-30 16:39:07,39.6603,35.8836,62.78,47,2,2.33
414,Acapulco,MX,2022-09-30 16:34:24,16.8634,-99.8901,85.82,66,75,3.44
415,Mogzon,RU,2022-09-30 16:39:08,51.7435,111.9606,37.06,92,100,4.47
416,Ulaanbaatar,MN,2022-09-30 16:39:08,47.9077,106.8832,53.73,40,75,15.66
417,San Rafael,AR,2022-09-30 16:39:09,-34.6177,-68.3301,75.29,23,5,6.78
418,Ardakan,IR,2022-09-30 16:39:09,32.31,54.0175,82.72,10,0,5.59
419,Jinxiang,CN,2022-09-30 16:39:09,27.4327,120.6062,75.6,92,8,3.06
420,Makakilo City,US,2022-09-30 16:37:31,21.3469,-158.0858,74.98,83,40,0.0
421,Mahibadhoo,MV,2022-09-30 16:39:10,3.7833,72.9667,80.78,77,100,15.12
422,Denpasar,ID,2022-09-30 16:36:11,-8.65,115.2167,76.71,100,40,4.61
423,Mecca,SA,2022-09-30 16:39:10,21.4267,39.8261,86.36,53,1,5.46
424,Tomatlan,MX,2022-09-30 16:39:11,19.9333,-105.25,87.04,63,56,2.95
425,Den Helder,NL,2022-09-30 16:35:46,52.9599,4.7593,60.78,73,100,25.01
426,Chuzhou,CN,2022-09-30 16:39:11,32.3219,118.2978,74.71,86,98,6.42
427,Tahlequah,US,2022-09-30 16:39:11,35.9154,-94.97,75.07,26,0,6.91
428,Atar,MR,2022-09-30 16:39:12,20.5169,-13.0499,92.66,22,16,15.82
429,Kurchum,KZ,2022-09-30 16:39:12,48.5722,83.6542,30.67,51,3,7.92
430,Coffs Harbour,AU,2022-09-30 16:37:17,-30.3,153.1333,62.13,94,100,13.8
431,Iralaya,HN,2022-09-30 16:39:13,15.0,-83.2333,86.31,61,90,16.87
432,Durango,MX,2022-09-30 16:38:58,24.8333,-104.8333,67.44,44,14,4.56
433,Asfi,MA,2022-09-30 16:39:13,32.2994,-9.2372,71.76,60,1,24.52
434,Santa Luzia,BR,2022-09-30 16:39:13,-19.7697,-43.8514,78.94,59,75,11.5
435,Manaure,CO,2022-09-30 16:39:14,11.7751,-72.4445,87.12,59,100,5.3
436,Saurimo,AO,2022-09-30 16:39:14,-9.6608,20.3916,71.46,66,71,3.85
437,Lethem,GY,2022-09-30 16:39:14,3.3803,-59.7968,92.79,46,64,5.01
438,Lompoc,US,2022-09-30 16:39:15,34.6391,-120.4579,57.92,100,100,0.0
439,Grand Gaube,MU,2022-09-30 16:39:15,-20.0064,57.6608,72.0,71,0,1.99
440,Sur,OM,2022-09-30 16:39:15,22.5667,59.5289,81.52,74,1,11.63
441,Bayir,TR,2022-09-30 16:39:16,37.2687,28.2167,75.72,55,1,3.0
442,Fairbanks,US,2022-09-30 16:35:15,64.8378,-147.7164,43.3,88,100,3.44
443,Flin Flon,CA,2022-09-30 16:39:16,54.7682,-101.865,46.24,71,100,4.61
444,Alofi,NU,2022-09-30 16:39:17,-19.0595,-169.9187,60.69,94,71,3.44
445,Bosaso,SO,2022-09-30 16:39:17,11.2842,49.1816,86.7,68,16,1.81
446,Kaduna,NG,2022-09-30 16:39:17,10.5222,7.4383,76.14,81,59,2.19
447,Kaura Namoda,NG,2022-09-30 16:39:18,12.5898,6.5779,87.28,56,32,1.28
448,Leningradskiy,RU,2022-09-30 16:39:18,69.3833,178.4167,23.16,78,100,9.4
449,Smirnykh,RU,2022-09-30 16:39:18,49.75,142.8333,42.4,88,77,1.97
450,Aksarka,RU,2022-09-30 16:39:19,66.5606,67.7975,26.91,80,52,9.31
451,College,US,2022-09-30 16:39:19,64.8569,-147.8028,43.29,87,75,3.44
452,Faanui,PF,2022-09-30 16:39:19,-16.4833,-151.75,77.36,72,0,10.4
453,Parabel,RU,2022-09-30 16:39:20,58.6978,81.4825,27.27,80,30,6.73
454,Lincoln,US,2022-09-30 16:40:20,40.8,-96.667,74.01,42,0,13.8
455,Altamira,BR,2022-09-30 16:40:20,-3.2033,-52.2064,91.49,58,75,6.91
456,Meadow Lake,US,2022-09-30 16:40:21,34.8014,-106.5436,75.22,25,64,9.69
457,Felipe Carrillo Puerto,MX,2022-09-30 16:40:21,19.5833,-88.05,87.96,41,95,5.12
458,Garden City,US,2022-09-30 16:40:21,42.3256,-83.331,64.36,60,75,8.05
459,Ushtobe,KZ,2022-09-30 16:40:22,45.2514,77.9838,37.17,27,86,18.43
460,Nambucca Heads,AU,2022-09-30 16:40:22,-30.65,153.0,62.17,87,100,12.93
461,Talaya,RU,2022-09-30 16:40:24,61.3833,152.75,22.55,96,100,3.85
462,Polyarnyy,RU,2022-09-30 16:40:24,69.1989,33.4478,37.72,81,100,6.22
463,Verkh-Usugli,RU,2022-09-30 16:40:25,52.7,115.1667,33.73,79,100,2.91
464,Ust-Uda,RU,2022-09-30 16:40:25,54.1742,103.0304,30.74,87,98,12.91
465,Popova,RU,2022-09-30 16:40:26,42.9603,131.7228,62.35,92,26,5.59
466,Onda,ES,2022-09-30 16:40:27,39.9667,-0.25,72.9,44,87,4.99
467,Panzhihua,CN,2022-09-30 16:40:27,26.5851,101.7128,71.55,77,50,1.14
468,Kaohsiung,TW,2022-09-30 16:40:27,22.6163,120.3133,84.04,78,20,3.44
469,Lima,PE,2022-09-30 16:38:55,-12.0432,-77.0282,59.25,82,100,6.91
470,Nova Olimpia,BR,2022-09-30 16:40:28,-14.7972,-57.2881,88.83,44,86,4.36
471,Komsomolskiy,UZ,2022-09-30 16:40:28,40.4272,71.7189,68.72,26,92,6.91
472,Muisne,EC,2022-09-30 16:40:29,0.6,-80.0333,77.54,74,98,11.99
473,Sisimiut,GL,2022-09-30 16:40:29,66.9395,-53.6735,35.24,87,100,4.18
474,Wetaskiwin,CA,2022-09-30 16:40:29,52.9668,-113.3687,54.68,64,58,6.15
475,Touros,BR,2022-09-30 16:40:30,-5.1989,-35.4608,84.76,54,70,17.83
476,Suez,EG,2022-09-30 16:40:30,29.9737,32.5263,82.65,53,0,15.14
477,Bowen,AU,2022-09-30 16:40:30,-20.0167,148.2333,65.98,70,7,6.24
478,Charters Towers,AU,2022-09-30 16:40:31,-20.1,146.2667,64.22,78,60,6.93
479,Takaka,NZ,2022-09-30 16:40:31,-40.85,172.8,50.56,90,100,10.78
480,Cabedelo,BR,2022-09-30 16:40:31,-6.9811,-34.8339,86.67,71,99,18.16
481,Santa Marinella,IT,2022-09-30 16:40:32,42.0345,11.8536,73.31,92,96,12.53
482,Pangnirtung,CA,2022-09-30 16:40:32,66.1451,-65.7125,39.2,48,75,8.05
483,Agua Dulce,MX,2022-09-30 16:40:15,18.1333,-94.1333,80.35,67,89,15.55
484,Riyadh,SA,2022-09-30 16:40:32,24.6877,46.7219,87.94,13,0,12.86
485,Sal Rei,CV,2022-09-30 16:40:33,16.1833,-22.9167,86.2,74,75,16.11
486,Port Hardy,CA,2022-09-30 16:40:33,50.6996,-127.4199,51.98,100,100,0.0
487,Yar-Sale,RU,2022-09-30 16:40:33,66.8333,70.8333,29.89,77,30,9.46
488,Svetlogorsk,BY,2022-09-30 16:40:34,52.6333,29.7333,57.78,76,100,1.92
489,Oum Hadjer,TD,2022-09-30 16:40:34,13.2954,19.6966,90.21,40,20,7.76
490,Manyana,BW,2022-09-30 16:40:34,-23.4,21.7167,81.66,16,0,5.97
491,Sagua De Tanamo,CU,2022-09-30 16:40:35,20.5819,-75.2414,84.04,75,100,1.36
492,Bonavista,CA,2022-09-30 16:40:35,48.6499,-53.1147,54.23,70,26,3.13
493,Sao Raimundo Das Mangabeiras,BR,2022-09-30 16:40:36,-7.0219,-45.4811,100.81,17,97,8.79
494,Engenheiro Beltrao,BR,2022-09-30 16:40:36,-23.7972,-52.2692,65.5,92,100,1.43
495,Murray Bridge,AU,2022-09-30 16:40:36,-35.1167,139.2667,54.12,93,96,3.36
496,Quesnel,CA,2022-09-30 16:40:37,52.9999,-122.5029,46.9,100,100,0.0
497,Grindavik,IS,2022-09-30 16:41:37,63.8424,-22.4338,55.35,82,75,14.97
498,Dubai,AE,2022-09-30 16:40:32,25.2582,55.3047,91.33,58,0,10.36
499,Savannah Bight,HN,2022-09-30 16:41:37,16.45,-85.85,82.26,70,67,22.88
500,Walvis Bay,NA,2022-09-30 16:41:38,-22.9575,14.5053,65.35,63,0,9.22
501,Paita,PE,2022-09-30 16:41:38,-5.0892,-81.1144,69.57,70,15,14.67
502,Concarneau,FR,2022-09-30 16:41:39,47.875,-3.9225,61.83,91,100,18.66
503,Nuevitas,CU,2022-09-30 16:41:39,21.5453,-77.2644,84.94,67,100,2.42
504,Vestmannaeyjar,IS,2022-09-30 16:41:39,63.4427,-20.2734,50.99,93,75,10.36
505,Lavras,BR,2022-09-30 16:39:27,-21.2453,-44.9997,70.47,64,99,7.65
506,San Matias,BO,2022-09-30 16:41:39,-16.3667,-58.4,89.44,39,55,5.68
507,Mazamet,FR,2022-09-30 16:41:40,43.49,2.373,63.09,55,20,17.27
508,Requena,ES,2022-09-30 16:41:40,39.4883,-1.1004,66.79,33,14,11.68
509,Kuragino,RU,2022-09-30 16:41:41,53.8975,92.6725,29.57,71,68,2.44
510,Partapur,IN,2022-09-30 16:41:41,23.6,74.1667,77.86,75,51,2.98
511,Krasnyy Chikoy,RU,2022-09-30 16:41:41,50.3643,108.7512,41.68,96,98,1.16
512,Nuuk,GL,2022-09-30 16:41:42,64.1835,-51.7216,36.21,87,75,2.3
513,Galle,LK,2022-09-30 16:41:42,6.0367,80.217,79.25,85,100,15.55
514,Oranjemund,NA,2022-09-30 16:41:42,-28.55,16.4333,57.67,81,87,15.95
515,Humberto De Campos,BR,2022-09-30 16:41:42,-2.5983,-43.4611,91.11,47,42,12.37
516,Tenkodogo,BF,2022-09-30 16:41:43,11.78,-0.3697,84.54,62,76,7.34
517,Yaan,NG,2022-09-30 16:41:43,7.3833,8.5667,79.0,82,55,1.77
